{"cameraMode":{"drawMode":0,"name":"Shaded","section":"Shading Mode"},"sceneLighting":false,"audioPlay":false,"sceneViewState":{"m_AlwaysRefresh":false,"showFog":true,"showSkybox":false,"showFlares":true,"showImageEffects":true,"showParticleSystems":true,"showVisualEffectGraphs":true,"m_FxEnabled":true},"in2DMode":false,"pivot":{"x":2.166475772857666,"y":-12.153923034667969,"z":1.8102470636367798},"rotation":{"x":-0.45696496963500979,"y":0.05939105525612831,"z":-0.03058554232120514,"w":-0.8869890570640564},"size":15.374693870544434,"orthographic":false}