{"cameraMode":{"drawMode":0,"name":"Shaded","section":"Shading Mode"},"sceneLighting":false,"audioPlay":false,"sceneViewState":{"m_AlwaysRefresh":false,"showFog":true,"showSkybox":false,"showFlares":true,"showImageEffects":true,"showParticleSystems":true,"showVisualEffectGraphs":true,"m_FxEnabled":true},"in2DMode":false,"pivot":{"x":13.595388412475586,"y":-10.774815559387207,"z":19.996715545654298},"rotation":{"x":-0.2512751817703247,"y":-0.22320321202278138,"z":0.05968032032251358,"w":-0.9399516582489014},"size":15.374693870544434,"orthographic":false}