{"cameraMode":{"drawMode":0,"name":"Shaded","section":"Shading Mode"},"sceneLighting":false,"audioPlay":false,"sceneViewState":{"m_AlwaysRefresh":false,"showFog":true,"showSkybox":true,"showFlares":true,"showImageEffects":true,"showParticleSystems":true,"showVisualEffectGraphs":true,"m_FxEnabled":true},"in2DMode":false,"pivot":{"x":-29.717357635498048,"y":11.373973846435547,"z":-96.01225280761719},"rotation":{"x":0.004916831851005554,"y":0.8612216711044312,"z":-0.5065693855285645,"w":0.04235134273767471},"size":2.666025161743164,"orthographic":false}