{"cameraMode":{"drawMode":0,"name":"Shaded","section":"Shading Mode"},"sceneLighting":false,"audioPlay":false,"sceneViewState":{"m_AlwaysRefresh":false,"showFog":true,"showSkybox":true,"showFlares":true,"showImageEffects":true,"showParticleSystems":true,"showVisualEffectGraphs":true,"m_FxEnabled":true},"in2DMode":false,"pivot":{"x":-23.382856369018556,"y":4.754024028778076,"z":-120.35248565673828},"rotation":{"x":0.10015343874692917,"y":-0.2176637351512909,"z":0.021536963060498239,"w":0.9709369540214539},"size":1.2247449159622193,"orthographic":false}