{"cameraMode":{"drawMode":0,"name":"Shaded","section":"Shading Mode"},"sceneLighting":true,"audioPlay":false,"sceneViewState":{"m_AlwaysRefresh":false,"showFog":true,"showSkybox":true,"showFlares":true,"showImageEffects":true,"showParticleSystems":true,"showVisualEffectGraphs":true,"m_FxEnabled":true},"in2DMode":false,"pivot":{"x":60.87989807128906,"y":3.8889236450195314,"z":-33.818050384521487},"rotation":{"x":-0.003277369076386094,"y":-0.6278918385505676,"z":0.018649296835064889,"w":0.7780689597129822},"size":1.7660253047943116,"orthographic":false}