{"cameraMode":{"drawMode":0,"name":"Shaded","section":"Shading Mode"},"sceneLighting":false,"audioPlay":false,"sceneViewState":{"m_AlwaysRefresh":false,"showFog":true,"showSkybox":true,"showFlares":true,"showImageEffects":true,"showParticleSystems":true,"showVisualEffectGraphs":true,"m_FxEnabled":true},"in2DMode":false,"pivot":{"x":109.57096099853516,"y":72.19905090332031,"z":-12.627141952514649},"rotation":{"x":-0.03804244473576546,"y":-0.020540624856948854,"z":0.003107314230874181,"w":-0.999406635761261},"size":84.88459777832031,"orthographic":false}