{"cameraMode":{"drawMode":0,"name":"Shaded","section":"Shading Mode"},"sceneLighting":false,"audioPlay":false,"sceneViewState":{"m_AlwaysRefresh":false,"showFog":true,"showSkybox":true,"showFlares":true,"showImageEffects":true,"showParticleSystems":true,"showVisualEffectGraphs":true,"m_FxEnabled":true},"in2DMode":false,"pivot":{"x":-37.400020599365237,"y":3.2117714881896974,"z":-62.92097091674805},"rotation":{"x":-0.004712024703621864,"y":0.9704940915107727,"z":-0.23533906042575837,"w":0.05359942466020584},"size":4.510052680969238,"orthographic":false}