{"cameraMode":{"drawMode":0,"name":"Shaded","section":"Shading Mode"},"sceneLighting":false,"audioPlay":false,"sceneViewState":{"m_AlwaysRefresh":false,"showFog":true,"showSkybox":false,"showFlares":true,"showImageEffects":true,"showParticleSystems":true,"showVisualEffectGraphs":true,"m_FxEnabled":true},"in2DMode":false,"pivot":{"x":-1.7735434770584107,"y":47.79326248168945,"z":-43.729976654052737},"rotation":{"x":-0.49620816111564639,"y":0.0046462747268378738,"z":-0.0026578488759696485,"w":-0.8682127594947815},"size":3.3391520977020265,"orthographic":false}