{"cameraMode":{"drawMode":0,"name":"Shaded","section":"Shading Mode"},"sceneLighting":false,"audioPlay":false,"sceneViewState":{"m_AlwaysRefresh":false,"showFog":true,"showSkybox":false,"showFlares":true,"showImageEffects":true,"showParticleSystems":true,"showVisualEffectGraphs":true,"m_FxEnabled":true},"in2DMode":false,"pivot":{"x":-33.2211799621582,"y":4.6492414474487309,"z":-64.69068145751953},"rotation":{"x":0.3544653356075287,"y":0.020791063085198404,"z":-0.026282455772161485,"w":0.9345411062240601},"size":1.8144855499267579,"orthographic":false}