{"cameraMode":{"drawMode":0,"name":"Shaded","section":"Shading Mode"},"sceneLighting":false,"audioPlay":false,"sceneViewState":{"m_AlwaysRefresh":false,"showFog":true,"showSkybox":false,"showFlares":true,"showImageEffects":true,"showParticleSystems":true,"showVisualEffectGraphs":true,"m_FxEnabled":true},"in2DMode":false,"pivot":{"x":-2.1506168842315676,"y":0.17934662103652955,"z":-135.20071411132813},"rotation":{"x":0.32497522234916689,"y":0.3738253116607666,"z":-0.12199597805738449,"w":0.8601319789886475},"size":14.00214958190918,"orthographic":false}