{"cameraMode":{"drawMode":0,"name":"Shaded","section":"Shading Mode"},"sceneLighting":false,"audioPlay":false,"sceneViewState":{"m_AlwaysRefresh":false,"showFog":true,"showSkybox":false,"showFlares":true,"showImageEffects":true,"showParticleSystems":true,"showVisualEffectGraphs":true,"m_FxEnabled":true},"in2DMode":false,"pivot":{"x":-8.501630783081055,"y":3.7100884914398195,"z":-137.30880737304688},"rotation":{"x":0.07951493561267853,"y":0.9371881484985352,"z":-0.23644880950450898,"w":0.2444932460784912},"size":10.330910682678223,"orthographic":false}